System       ,  M_A  , errup , errdn , sysup , sysdn ,  R_A  , errup , errdn , sysup , sysdn , loggA , errup , errdn , sysup , sysdn ,  rho_A ,  errup ,  errdn ,   M_b  ,  errup ,  errdn ,  sysup ,  sysdn ,   R_b  ,  errup ,  errdn ,  sysup ,  sysdn ,  g_b  , erru , errd ,  rho_b  , errup  , errdn  , sysup  , sysdn  , Teq  , err , err ,  a(AU)  ,  errup  , errdown ,  sysup  , sysdown ,Safronov,  errup ,  errdn ,  sysup ,   sysdn , age , err , err , sys , sys , Reference
CoRoT-01     ,  0.95 ,  0.11 ,  0.11 ,  0.02 ,  0.02 , 1.131 , 0.045 , 0.045 , 0.007 , 0.007 , 4.311 , 0.019 , 0.019 , 0.003 , 0.003 ,  0.660 ,  0.019 ,  0.019 ,   1.03 ,   0.10 ,   0.10 ,   0.01 ,   0.01 ,  1.551 ,  0.064 ,  0.064 ,  0.010 ,  0.010 , 10.65 , 0.69 , 0.69 ,   0.259 ,  0.021 ,  0.021 ,  0.002 ,  0.002 , 1915 ,  49 ,  49 , 0.02536 , 0.00098 , 0.00016 , 0.00098 , 0.00016 , 0.0354 , 0.0025 , 0.0025 , 0.0002 ,  0.0002 , 7.8 , 4.0 , 3.8 , 0.7 , 0.7 , 2011MNRAS.417.2166S
CoRoT-02     , 0.997 , 0.030 , 0.030 , 0.039 , 0.039 , 0.901 , 0.015 , 0.015 , 0.012 , 0.012 , 4.527 , 0.016 , 0.016 , 0.006 , 0.006 ,  1.362 ,  0.064 ,  0.064 ,   3.57 ,   0.13 ,   0.13 ,   0.09 ,   0.09 ,  1.460 ,  0.025 ,  0.025 ,  0.019 ,  0.019 ,  41.5 ,  1.7 ,  1.7 ,   1.073 ,  0.057 ,  0.057 ,  0.014 ,  0.014 , 1521 ,  18 ,  18 , 0.02835 , 0.00029 , 0.00029 , 0.00037 , 0.00037 , 0.1390 , 0.0048 , 0.0048 , 0.0018 ,  0.0018 , 1.2 , 1.8 , 1.7 , 0.7 , 1.2 , 2012MNRAS.426.1291S
CoRoT-03     , 1.403 , 0.056 , 0.056 , 0.026 , 0.026 , 1.575 , 0.094 , 0.094 , 0.010 , 0.010 , 4.191 , 0.046 , 0.046 , 0.003 , 0.003 ,  0.359 ,  0.058 ,  0.058 ,  21.96 ,   0.65 ,   0.65 ,   0.27 ,   0.27 ,  1.037 ,  0.069 ,  0.069 ,  0.006 ,  0.006 ,   506 ,   67 ,   67 ,    18.4 ,    3.7 ,    3.7 ,    0.1 ,    0.1 , 1695 ,  57 ,  57 , 0.05783 , 0.00078 , 0.00035 , 0.00078 , 0.00035 ,   1.74 ,   0.12 ,   0.12 ,   0.01 ,    0.01 , 1.5 , 0.5 , 0.5 , 0.3 , 0.2 , 2011MNRAS.417.2166S
CoRoT-04     , 1.194 , 0.043 , 0.043 , 0.024 , 0.026 , 1.148 , 0.092 , 0.032 , 0.008 , 0.008 , 4.396 , 0.024 , 0.068 , 0.003 , 0.003 ,  0.790 ,  0.064 ,  0.161 ,  0.731 ,  0.071 ,  0.072 ,  0.009 ,  0.010 ,  1.160 ,  0.115 ,  0.040 ,  0.007 ,  0.008 ,  13.5 ,  1.6 ,  2.6 ,  0.4378 ,  0.062 ,  0.116 ,  0.003 ,  0.002 , 1058 ,  42 ,  17 , 0.09120 , 0.00110 , 0.00112 , 0.00061 , 0.00067 , 0.0962 , 0.0099 , 0.0127 , 0.0007 ,  0.0006 , 0.8 , 2.6 , 1.0 , 0.6 , 0.3 , 2011MNRAS.417.2166S
CoRoT-05     , 1.025 , 0.100 , 0.056 , 0.013 , 0.020 , 1.052 , 0.081 , 0.067 , 0.005 , 0.007 , 4.405 , 0.068 , 0.059 , 0.002 , 0.003 ,   0.88 ,   0.21 ,   0.16 ,  0.469 ,  0.057 ,  0.030 ,  0.004 ,  0.006 ,  1.182 ,  0.102 ,  0.098 ,  0.005 ,  0.007 ,   8.3 ,  1.8 ,  1.3 ,  0.2659 ,  0.081 ,  0.058 ,  0.001 ,  0.001 , 1348 ,  50 ,  51 , 0.05004 , 0.00161 , 0.00092 , 0.00022 , 0.00033 , 0.0388 , 0.0054 , 0.0038 , 0.0003 ,  0.0002 , 3.9 , 2.6 , 5.3 , 0.6 , 1.0 , 2011MNRAS.417.2166S
CoRoT-06     , 1.054 , 0.059 , 0.059 , 0.024 , 0.024 , 1.043 , 0.029 , 0.029 , 0.008 , 0.008 , 4.425 , 0.022 , 0.022 , 0.003 , 0.003 ,  0.929 ,  0.064 ,  0.064 ,   2.96 ,   0.34 ,   0.34 ,   0.05 ,   0.05 ,  1.185 ,  0.041 ,  0.041 ,  0.009 ,  0.009 ,  52.3 ,  6.4 ,  6.4 ,    1.66 ,   0.23 ,   0.23 ,   0.01 ,   0.01 , 1025 ,  16 ,  16 ,  0.0855 ,  0.0016 ,  0.0016 ,  0.0007 ,  0.0007 ,  0.405 ,  0.046 ,  0.046 ,  0.003 ,   0.003 , 2.5 , 2.1 , 1.7 , 0.6 , 0.7 , 2011MNRAS.417.2166S
CoRoT-07     , 0.884 , 0.056 , 0.056 , 0.039 , 0.039 ,  0.96 ,  0.15 ,  0.15 ,  0.01 ,  0.01 ,  4.42 ,  0.14 ,  0.14 ,  0.01 ,  0.01 ,   1.00 ,   0.48 ,   0.48 , 0.0220 , 0.0050 , 0.0050 , 0.0007 , 0.0007 ,  0.166 ,  0.043 ,  0.043 ,  0.002 ,  0.002 ,    19 ,   12 ,   12 ,     4.5 ,    4.5 ,    4.5 ,    0.1 ,    0.1 , 1910 , 140 , 140 , 0.01690 , 0.00036 , 0.00036 , 0.00025 , 0.00025 , 0.0051 , 0.0018 , 0.0018 , 0.0001 ,  0.0001 ,  10 ,  10 ,  10 ,  10 ,  10 , 2011MNRAS.417.2166S
CoRoT-08     , 0.878 , 0.078 , 0.078 , 0.035 , 0.035 , 0.898 , 0.090 , 0.090 , 0.012 , 0.012 , 4.475 , 0.077 , 0.077 , 0.006 , 0.006 ,   1.21 ,   0.32 ,   0.32 ,  0.216 ,  0.036 ,  0.036 ,  0.006 ,  0.006 ,  0.712 ,  0.083 ,  0.083 ,  0.010 ,  0.010 ,  10.6 ,  2.9 ,  2.9 ,    0.56 ,   0.21 ,   0.21 ,   0.01 ,   0.01 ,  922 ,  41 ,  41 ,  0.0633 ,  0.0019 ,  0.0019 ,  0.0008 ,  0.0008 , 0.0437 , 0.0084 , 0.0084 , 0.0006 ,  0.0006 ,  10 ,  10 ,  10 ,  10 ,  10 , 2011MNRAS.417.2166S
CoRoT-09     , 0.960 , 0.068 , 0.068 , 0.040 , 0.040 , 0.938 , 0.059 , 0.059 , 0.013 , 0.013 , 4.476 , 0.063 , 0.063 , 0.006 , 0.006 ,   1.16 ,   0.24 ,   0.24 ,  0.826 ,  0.080 ,  0.080 ,  0.023 ,  0.023 ,  1.037 ,  0.081 ,  0.081 ,  0.014 ,  0.014 ,  19.1 ,  3.2 ,  3.2 ,    0.69 ,   0.17 ,   0.17 ,   0.01 ,   0.01 ,  413 ,  14 ,  14 ,  0.4027 ,  0.0095 ,  0.0095 ,  0.0056 ,  0.0056 ,  0.668 ,  0.076 ,  0.076 ,  0.009 ,   0.009 ,  10 ,  10 ,  10 ,  10 ,  10 , 2011MNRAS.417.2166S
CoRoT-10     , 0.904 , 0.027 , 0.027 , 0.022 , 0.022 , 0.743 , 0.055 , 0.055 , 0.006 , 0.006 , 4.652 , 0.062 , 0.062 , 0.004 , 0.004 ,   2.20 ,   0.47 ,   0.47 ,   2.78 ,   0.14 ,   0.14 ,   0.05 ,   0.05 ,  0.941 ,  0.085 ,  0.085 ,  0.008 ,  0.008 ,    78 ,   14 ,   14 ,    3.13 ,   0.88 ,   0.88 ,   0.03 ,   0.03 ,  647 ,  24 ,  24 ,  0.1060 ,  0.0011 ,  0.0011 ,  0.0009 ,  0.0009 ,  0.693 ,  0.070 ,  0.070 ,  0.006 ,   0.006 , 0.1 , 2.0 , 0.2 , 0.3 , 0.1 , 2011MNRAS.417.2166S
CoRoT-11     ,  1.26 ,  0.14 ,  0.14 ,  0.02 ,  0.02 , 1.374 , 0.061 , 0.061 , 0.009 , 0.009 , 4.264 , 0.019 , 0.019 , 0.003 , 0.003 ,  0.488 ,  0.022 ,  0.022 ,   2.34 ,   0.39 ,   0.39 ,   0.03 ,   0.03 ,  1.426 ,  0.057 ,  0.057 ,  0.009 ,  0.009 ,  28.5 ,  4.2 ,  4.2 ,    0.76 ,   0.12 ,   0.12 ,   0.00 ,   0.00 , 1735 ,  34 ,  34 ,  0.0440 ,  0.0016 ,  0.0016 ,  0.0003 ,  0.0003 ,  0.114 ,  0.017 ,  0.017 ,  0.001 ,   0.001 , 2.0 , 0.8 , 2.1 , 0.4 , 0.4 , 2011MNRAS.417.2166S
CoRoT-12     , 1.018 , 0.088 , 0.088 , 0.029 , 0.029 , 1.046 , 0.042 , 0.042 , 0.010 , 0.010 , 4.407 , 0.029 , 0.029 , 0.004 , 0.004 ,  0.889 ,  0.076 ,  0.076 ,  0.887 ,  0.077 ,  0.077 ,  0.017 ,  0.017 ,  1.350 ,  0.074 ,  0.074 ,  0.013 ,  0.013 ,  12.1 ,  1.3 ,  1.3 ,   0.337 ,  0.052 ,  0.052 ,  0.003 ,  0.003 , 1410 ,  28 ,  28 ,  0.0394 ,  0.0011 ,  0.0011 ,  0.0004 ,  0.0004 , 0.0508 , 0.0042 , 0.0042 , 0.0005 ,  0.0005 , 5.8 , 3.3 , 6.7 , 1.8 , 1.5 , 2011MNRAS.417.2166S
CoRoT-13     , 1.086 , 0.077 , 0.077 , 0.035 , 0.035 , 1.274 , 0.077 , 0.077 , 0.014 , 0.014 , 4.264 , 0.040 , 0.040 , 0.005 , 0.005 ,  0.526 ,  0.072 ,  0.072 ,  1.312 ,  0.092 ,  0.092 ,  0.028 ,  0.028 ,  1.252 ,  0.075 ,  0.075 ,  0.013 ,  0.013 ,  20.7 ,  2.5 ,  2.5 ,    0.62 ,   0.11 ,   0.11 ,   0.00 ,   0.00 , 1432 ,  39 ,  39 ,  0.0510 ,  0.0012 ,  0.0012 ,  0.0005 ,  0.0005 , 0.0983 , 0.0080 , 0.0080 , 0.0010 ,  0.0010 , 5.8 , 1.4 , 6.2 , 0.5 , 1.0 , 2011MNRAS.417.2166S
CoRoT-14     , 1.125 , 0.098 , 0.098 , 0.018 , 0.018 ,  1.19 ,  0.14 ,  0.14 ,  0.01 ,  0.01 , 4.338 , 0.082 , 0.082 , 0.002 , 0.002 ,   0.67 ,   0.19 ,   0.19 ,   7.67 ,   0.49 ,   0.49 ,   0.08 ,   0.08 ,  1.018 ,  0.079 ,  0.079 ,  0.005 ,  0.005 ,   183 ,   27 ,   27 ,     6.8 ,    1.5 ,    1.5 ,    0.0 ,    0.0 , 1936 ,  95 ,  95 , 0.02687 , 0.00077 , 0.00077 , 0.00015 , 0.00015 ,  0.360 ,  0.030 ,  0.030 ,  0.002 ,   0.002 , 3.7 , 2.5 , 5.0 , 0.7 , 0.6 , 2011MNRAS.417.2166S
CoRoT-15     ,  1.31 ,  0.16 ,  0.19 ,  0.04 ,  0.03 ,  1.36 ,  0.39 ,  0.12 ,  0.01 ,  0.01 , 4.288 , 0.059 , 0.191 , 0.005 , 0.003 ,   0.52 ,   0.12 ,   0.25 ,   64.9 ,    5.3 ,    6.2 ,    1.3 ,    1.0 ,  1.045 ,  0.347 ,  0.091 ,  0.011 ,  0.008 ,  1470 ,  240 ,  620 ,      53 ,     13 ,     29 ,      0 ,      0 , 1670 , 200 ,  80 ,  0.0458 ,  0.0018 ,  0.0022 ,  0.0005 ,  0.0003 ,   4.34 ,   0.41 ,   1.07 ,   0.03 ,    0.05 , 1.6 , 4.5 , 5.9 , 0.9 , 1.6 , 2011MNRAS.417.2166S
CoRoT-17     , 1.043 , 0.073 , 0.041 , 0.015 , 0.022 ,  1.62 ,  0.47 ,  0.13 ,  0.01 ,  0.01 , 4.035 , 0.069 , 0.208 , 0.002 , 0.003 ,  0.243 ,  0.066 ,  0.126 ,   2.46 ,   0.26 ,   0.24 ,   0.02 ,   0.04 ,  1.007 ,  0.345 ,  0.092 ,  0.005 ,  0.007 ,    60 ,   13 ,   27 ,    2.26 ,   0.77 ,   1.35 ,   0.02 ,   0.01 , 1610 , 210 ,  70 , 0.04810 , 0.00109 , 0.00064 , 0.00023 , 0.00034 ,  0.225 ,  0.031 ,  0.002 ,  0.062 ,   0.001 , 8.0 , 0.7 , 3.5 , 0.3 , 0.4 , 2012MNRAS.426.1291S
CoRoT-18     , 0.861 , 0.059 , 0.059 , 0.017 , 0.017 , 0.924 , 0.057 , 0.057 , 0.006 , 0.006 , 4.442 , 0.043 , 0.043 , 0.003 , 0.003 ,   1.09 ,   0.16 ,   0.16 ,   3.27 ,   0.17 ,   0.17 ,   0.04 ,   0.04 ,  1.251 ,  0.083 ,  0.083 ,  0.008 ,  0.008 ,  51.8 ,  6.6 ,  6.6 ,    1.56 ,   0.30 ,   0.30 ,   0.01 ,   0.01 , 1490 ,  45 ,  45 , 0.02860 , 0.00065 , 0.00065 , 0.00019 , 0.00019 ,  0.173 ,  0.012 ,  0.012 ,  0.001 ,   0.001 ,  10 ,  10 ,  10 ,  10 ,  10 , 2012MNRAS.426.1291S
CoRoT-19     , 1.181 , 0.125 , 0.074 , 0.024 , 0.022 , 1.576 , 0.354 , 0.096 , 0.011 , 0.010 , 4.115 , 0.047 , 0.152 , 0.003 , 0.003 ,  0.302 ,  0.049 ,  0.125 ,  1.090 ,  0.092 ,  0.077 ,  0.015 ,  0.014 ,  1.190 ,  0.260 ,  0.069 ,  0.008 ,  0.007 ,  19.1 ,  2.4 ,  6.2 ,    0.60 ,   0.11 ,   0.27 ,   0.00 ,   0.00 , 1630 , 150 ,  40 ,  0.0512 ,  0.0018 ,  0.0011 ,  0.0003 ,  0.0003 , 0.0794 , 0.0064 , 0.0005 , 0.0150 ,  0.0005 , 4.9 , 0.6 , 1.7 , 0.3 , 0.3 , 2012MNRAS.426.1291S
CoRoT-20     ,  1.11 ,  0.10 ,  0.10 ,  0.01 ,  0.01 ,  1.34 ,  0.37 ,  0.37 ,  0.01 ,  0.01 ,  4.23 ,  0.24 ,  0.24 ,  0.00 ,  0.00 ,   0.46 ,   0.48 ,   0.48 ,   5.06 ,   0.36 ,   0.36 ,   0.04 ,   0.04 ,   1.16 ,   0.26 ,   0.26 ,   0.00 ,   0.00 ,    93 ,   46 ,   46 ,     3.0 ,    2.5 ,    2.5 ,    0.0 ,    0.0 , 1100 , 150 , 150 ,  0.0892 ,  0.0028 ,  0.0028 ,  0.0004 ,  0.0004 ,   0.70 ,   0.17 ,   0.17 ,   0.00 ,    0.00 , 5.9 , 1.6 , 11. , 0.8 , 1.6 , 2012MNRAS.426.1291S
CoRoT-23     , 1.122 , 0.088 , 0.061 , 0.027 , 0.039 ,  1.74 ,  0.26 ,  0.16 ,  0.01 ,  0.02 , 4.008 , 0.076 , 0.107 , 0.004 , 0.005 ,  0.214 ,  0.064 ,  0.066 ,   3.06 ,   0.32 ,   0.30 ,   0.05 ,   0.07 ,   1.18 ,   0.19 ,   0.11 ,   0.01 ,   0.01 ,    54 ,   12 ,   14 ,    1.75 ,   0.63 ,   0.64 ,   0.02 ,   0.01 , 1710 , 110 ,  80 , 0.04809 , 0.00122 , 0.00088 , 0.00039 , 0.00056 ,  0.222 ,  0.031 ,  0.003 ,  0.036 ,   0.002 , 5.4 , 2.4 , 1.7 , 0.5 , 1.0 , 2012MNRAS.426.1291S
GJ_0436      , 0.459 , 0.043 , 0.043 , 0.017 , 0.017 , 0.454 , 0.029 , 0.029 , 0.005 , 0.005 , 4.787 , 0.030 , 0.030 , 0.005 , 0.005 ,   4.92 ,   0.55 ,   0.55 , 0.0737 , 0.0051 , 0.0051 , 0.0018 , 0.0018 ,  0.365 ,  0.018 ,  0.018 ,  0.004 ,  0.004 ,  13.7 ,  1.1 ,  1.1 ,    1.41 ,   0.18 ,   0.18 ,   0.02 ,   0.02 ,  669 ,  22 ,  22 , 0.02887 , 0.00089 , 0.00089 , 0.00035 , 0.00035 , 0.0253 , 0.0015 , 0.0015 , 0.0003 ,  0.0003 , 8.1 , 28. , 16. , 11. , 8.0 , 2010MNRAS.408.1689S
HAT-P-01     , 1.134 , 0.035 , 0.035 , 0.026 , 0.026 , 1.112 , 0.031 , 0.031 , 0.008 , 0.008 , 4.400 , 0.024 , 0.024 , 0.003 , 0.003 ,  0.824 ,  0.066 ,  0.066 ,  0.524 ,  0.016 ,  0.016 ,  0.008 ,  0.008 ,  1.217 ,  0.038 ,  0.038 ,  0.009 ,  0.009 ,  8.77 , 0.56 , 0.56 ,   0.271 ,  0.025 ,  0.025 ,  0.002 ,  0.002 , 1291 ,  20 ,  20 , 0.05535 , 0.00057 , 0.00057 , 0.00042 , 0.00042 , 0.0419 , 0.0016 , 0.0016 , 0.0003 ,  0.0003 , 2.1 , 1.4 , 1.2 , 0.5 , 0.6 , 2010MNRAS.408.1689S
HAT-P-02     , 1.279 , 0.042 , 0.042 , 0.019 , 0.019 ,  1.68 ,  0.15 ,  0.15 ,  0.01 ,  0.01 , 4.092 , 0.074 , 0.074 , 0.002 , 0.002 ,  0.268 ,  0.070 ,  0.070 ,   8.74 ,   0.25 ,   0.25 ,   0.09 ,   0.09 ,   1.19 ,   0.12 ,   0.12 ,   0.01 ,   0.01 ,   152 ,   30 ,   30 ,     4.8 ,    1.4 ,    1.4 ,    0.0 ,    0.0 , 1516 ,  66 ,  66 , 0.06740 , 0.00074 , 0.00074 , 0.00034 , 0.00034 ,  0.771 ,  0.077 ,  0.077 ,  0.004 ,   0.004 , 2.6 , 0.4 , 0.7 , 0.5 , 0.3 , 2010MNRAS.408.1689S
HAT-P-03     , 0.900 , 0.036 , 0.036 , 0.044 , 0.044 , 0.870 , 0.016 , 0.016 , 0.014 , 0.014 , 4.513 , 0.020 , 0.020 , 0.007 , 0.007 ,  1.365 ,  0.078 ,  0.078 ,  0.584 ,  0.020 ,  0.020 ,  0.019 ,  0.019 ,  0.947 ,  0.027 ,  0.027 ,  0.015 ,  0.015 , 16.14 , 0.90 , 0.90 ,   0.643 ,  0.052 ,  0.052 ,  0.011 ,  0.011 , 1189 ,  16 ,  16 , 0.03842 , 0.00050 , 0.00050 , 0.00063 , 0.00063 , 0.0526 , 0.0019 , 0.0019 , 0.0009 ,  0.0009 , 7.5 , 4.2 , 3.8 , 3.6 , 2.7 , 2012MNRAS.426.1291S
HAT-P-04     , 1.271 , 0.096 , 0.053 , 0.072 , 0.046 , 1.600 , 0.113 , 0.037 , 0.030 , 0.019 , 4.134 , 0.015 , 0.038 , 0.008 , 0.005 ,  0.310 ,  0.016 ,  0.041 ,  0.680 ,  0.038 ,  0.025 ,  0.026 ,  0.016 ,  1.337 ,  0.075 ,  0.032 ,  0.025 ,  0.016 ,  9.42 , 0.44 , 0.91 ,   0.266 ,  0.018 ,  0.038 ,  0.003 ,  0.005 , 1691 ,  46 ,  26 , 0.04465 , 0.00113 , 0.00062 , 0.00084 , 0.00054 , 0.0357 , 0.0012 , 0.0021 , 0.0004 ,  0.0007 , 3.9 , 0.6 , 0.9 , 0.6 , 1.1 , 2011MNRAS.417.2166S
HAT-P-05     , 1.163 , 0.065 , 0.065 , 0.022 , 0.022 , 1.137 , 0.032 , 0.032 , 0.007 , 0.007 , 4.392 , 0.020 , 0.020 , 0.003 , 0.003 ,  0.791 ,  0.050 ,  0.050 ,   1.06 ,   0.11 ,   0.11 ,   0.01 ,   0.01 ,  1.252 ,  0.042 ,  0.042 ,  0.008 ,  0.008 ,  16.7 ,  1.9 ,  1.9 ,   0.504 ,  0.067 ,  0.067 ,  0.003 ,  0.003 , 1517 ,  29 ,  29 , 0.04079 , 0.00076 , 0.00076 , 0.00026 , 0.00026 , 0.0592 , 0.0064 , 0.0064 , 0.0004 ,  0.0004 , 1.7 , 3.5 , 1.4 , 0.4 , 0.6 , 2012MNRAS.422.3099S
HAT-P-06     , 1.295 , 0.057 , 0.057 , 0.038 , 0.038 , 1.518 , 0.070 , 0.070 , 0.015 , 0.015 , 4.188 , 0.035 , 0.035 , 0.004 , 0.004 ,  0.370 ,  0.045 ,  0.045 ,  1.063 ,  0.053 ,  0.053 ,  0.021 ,  0.021 ,  1.395 ,  0.080 ,  0.080 ,  0.014 ,  0.014 ,  13.5 ,  1.6 ,  1.6 ,   0.366 ,  0.064 ,  0.064 ,  0.004 ,  0.004 , 1704 ,  40 ,  40 , 0.05244 , 0.00077 , 0.00077 , 0.00051 , 0.00051 , 0.0617 , 0.0043 , 0.0043 , 0.0006 ,  0.0006 , 2.3 , 0.4 , 0.8 , 0.4 , 0.3 , 2012MNRAS.426.1291S
HAT-P-07     , 1.511 , 0.039 , 0.039 , 0.017 , 0.017 , 1.955 , 0.019 , 0.019 , 0.007 , 0.007 , 4.035 , 0.005 , 0.005 , 0.002 , 0.002 ,  0.202 ,  0.002 ,  0.002 ,  1.799 ,  0.038 ,  0.038 ,  0.014 ,  0.014 ,  1.465 ,  0.015 ,  0.015 ,  0.006 ,  0.006 , 20.77 , 0.33 , 0.33 ,   0.535 ,  0.011 ,  0.011 ,  0.002 ,  0.002 , 2194 ,  27 ,  27 , 0.03805 , 0.00033 , 0.00033 , 0.00015 , 0.00015 , 0.0618 , 0.0010 , 0.0010 , 0.0002 ,  0.0002 , 2.0 , 0.4 , 0.3 , 0.3 , 0.2 , 2011MNRAS.417.2166S
HAT-P-09     ,  1.28 ,  0.10 ,  0.10 ,  0.02 ,  0.02 , 1.339 , 0.080 , 0.080 , 0.008 , 0.008 , 4.293 , 0.046 , 0.046 , 0.002 , 0.002 ,  0.534 ,  0.082 ,  0.082 ,  0.778 ,  0.083 ,  0.083 ,  0.009 ,  0.009 ,   1.38 ,   0.10 ,   0.10 ,   0.01 ,   0.01 ,  10.1 ,  1.7 ,  1.7 ,   0.275 ,  0.066 ,  0.066 ,  0.002 ,  0.002 , 1540 ,  53 ,  53 ,  0.0529 ,  0.0014 ,  0.0014 ,  0.0003 ,  0.0003 , 0.0463 , 0.0056 , 0.0056 , 0.0003 ,  0.0003 , 1.6 , 1.4 , 2.0 , 0.4 , 0.4 , 2012MNRAS.426.1291S
HAT-P-11     , 0.812 , 0.026 , 0.026 , 0.012 , 0.012 , 0.695 , 0.014 , 0.014 , 0.004 , 0.004 , 4.663 , 0.012 , 0.012 , 0.002 , 0.002 ,  2.415 ,  0.097 ,  0.097 ,  0.084 ,  0.007 ,  0.007 ,  0.001 ,  0.001 ,  0.397 ,  0.009 ,  0.009 ,  0.002 ,  0.002 ,  13.2 ,  1.1 ,  1.1 ,    1.26 ,   0.12 ,   0.12 ,   0.01 ,   0.01 ,  838 ,  10 ,  10 , 0.05259 , 0.00056 , 0.00056 , 0.00027 , 0.00027 , 0.0274 , 0.0022 , 0.0022 , 0.0001 ,  0.0001 ,  10 ,  10 ,  10 ,  10 ,  10 , 2011MNRAS.417.2166S
HAT-P-13     , 1.320 , 0.048 , 0.048 , 0.039 , 0.039 , 1.756 , 0.043 , 0.043 , 0.017 , 0.017 , 4.070 , 0.020 , 0.020 , 0.004 , 0.004 ,  0.244 ,  0.013 ,  0.013 ,  0.906 ,  0.024 ,  0.024 ,  0.018 ,  0.018 ,  1.487 ,  0.038 ,  0.038 ,  0.015 ,  0.015 , 10.15 , 0.43 , 0.43 ,   0.257 ,  0.017 ,  0.017 ,  0.003 ,  0.003 , 1725 ,  31 ,  31 , 0.04383 , 0.00053 , 0.00053 , 0.00043 , 0.00043 , 0.0404 , 0.0023 , 0.0023 , 0.0004 ,  0.0004 , 3.5 , 1.1 , 2.9 , 0.3 , 0.7 , 2012MNRAS.420.2580S
HAT-P-14     , 1.418 , 0.048 , 0.048 , 0.025 , 0.025 , 1.591 , 0.056 , 0.056 , 0.009 , 0.009 , 4.187 , 0.025 , 0.025 , 0.003 , 0.003 ,  0.352 ,  0.031 ,  0.031 ,  2.271 ,  0.079 ,  0.079 ,  0.027 ,  0.027 ,  1.219 ,  0.059 ,  0.059 ,  0.007 ,  0.007 ,  37.9 ,  3.7 ,  3.7 ,    1.17 ,   0.17 ,   0.17 ,   0.01 ,   0.01 , 1624 ,  32 ,  32 , 0.06108 , 0.00069 , 0.00069 , 0.00036 , 0.00036 , 0.1603 , 0.0089 , 0.0089 , 0.0010 ,  0.0010 , 1.5 , 0.4 , 0.4 , 0.4 , 0.2 , 2012MNRAS.426.1291S
HD_017156    , 1.297 , 0.046 , 0.046 , 0.053 , 0.053 , 1.487 , 0.037 , 0.037 , 0.020 , 0.020 , 4.207 , 0.018 , 0.018 , 0.006 , 0.006 ,  0.395 ,  0.022 ,  0.022 ,  3.262 ,  0.072 ,  0.072 ,  0.088 ,  0.088 ,  1.065 ,  0.033 ,  0.033 ,  0.014 ,  0.014 ,  71.2 ,  3.7 ,  3.7 ,    2.52 ,   0.20 ,   0.20 ,   0.03 ,   0.03 ,  883 ,  11 ,  11 ,  0.1637 ,  0.0019 ,  0.0019 ,  0.0022 ,  0.0022 ,  0.772 ,  0.026 ,  0.026 ,  0.010 ,   0.010 , 2.8 , 1.1 , 0.6 , 0.4 , 0.4 , 2011MNRAS.417.2166S
HD_080606    , 1.018 , 0.035 , 0.035 , 0.045 , 0.045 , 1.037 , 0.032 , 0.032 , 0.015 , 0.015 , 4.415 , 0.021 , 0.021 , 0.007 , 0.007 ,  0.913 ,  0.062 ,  0.062 ,  4.114 ,  0.096 ,  0.096 ,  0.122 ,  0.122 ,  1.003 ,  0.023 ,  0.023 ,  0.015 ,  0.015 , 101.4 ,  3.9 ,  3.9 ,    3.82 ,   0.23 ,   0.23 ,   0.06 ,   0.06 ,  405 ,   7 ,   7 ,  0.4564 ,  0.0054 ,  0.0054 ,  0.0068 ,  0.0068 ,  3.677 ,  0.093 ,  0.093 ,  0.055 ,   0.055 , 5.9 , 1.6 , 2.2 , 4.1 , 2.1 , 2011MNRAS.417.2166S
HD_149026    , 1.271 , 0.043 , 0.024 , 0.012 , 0.017 ,  1.29 ,  0.12 ,  0.06 ,  0.01 ,  0.01 , 4.321 , 0.042 , 0.070 , 0.001 , 0.002 ,  0.592 ,  0.083 ,  0.129 ,  0.356 ,  0.013 ,  0.011 ,  0.002 ,  0.003 ,  0.610 ,  0.099 ,  0.072 ,  0.002 ,  0.003 ,  23.7 ,  6.8 ,  6.2 ,    1.57 ,   0.67 ,   0.53 ,   0.01 ,   0.01 , 1626 ,  69 ,  37 , 0.04288 , 0.00048 , 0.00027 , 0.00013 , 0.00019 , 0.0393 , 0.0054 , 0.0056 , 0.0002 ,  0.0001 , 1.2 , 1.1 , 1.5 , 0.3 , 0.1 , 2010MNRAS.408.1689S
HD_189733    , 0.840 , 0.030 , 0.030 , 0.029 , 0.029 , 0.752 , 0.023 , 0.023 , 0.009 , 0.009 , 4.610 , 0.026 , 0.026 , 0.005 , 0.005 ,   1.98 ,   0.17 ,   0.17 ,  1.150 ,  0.028 ,  0.028 ,  0.027 ,  0.027 ,  1.151 ,  0.036 ,  0.036 ,  0.013 ,  0.013 ,  21.5 ,  1.2 ,  1.2 ,   0.706 ,  0.062 ,  0.062 ,  0.008 ,  0.008 , 1191 ,  20 ,  20 , 0.03142 , 0.00038 , 0.00038 , 0.00036 , 0.00036 , 0.0747 , 0.0024 , 0.0024 , 0.0009 ,  0.0009 , 1.4 , 4.7 , 3.3 , 1.5 , 1.3 , 2010MNRAS.408.1689S
HD_209458    , 1.148 , 0.033 , 0.033 , 0.022 , 0.022 , 1.162 , 0.012 , 0.012 , 0.008 , 0.008 , 4.368 , 0.005 , 0.005 , 0.003 , 0.003 ,  0.733 ,  0.008 ,  0.008 ,  0.714 ,  0.014 ,  0.014 ,  0.009 ,  0.009 ,  1.380 ,  0.015 ,  0.015 ,  0.009 ,  0.009 ,  9.30 , 0.08 , 0.08 ,   0.254 ,  0.004 ,  0.004 ,  0.002 ,  0.002 , 1459 ,  12 ,  12 , 0.04747 , 0.00046 , 0.00046 , 0.00031 , 0.00031 , 0.0427 , 0.0005 , 0.0005 , 0.0003 ,  0.0003 , 2.3 , 0.9 , 0.7 , 0.5 , 0.4 , 2010MNRAS.408.1689S
KOI-135      ,  1.24 ,  0.11 ,  0.11 ,  0.02 ,  0.02 , 1.332 , 0.046 , 0.046 , 0.007 , 0.007 , 4.281 , 0.017 , 0.017 , 0.002 , 0.002 ,  0.523 ,  0.022 ,  0.022 ,   3.09 ,   0.21 ,   0.21 ,   0.03 ,   0.03 ,  1.115 ,  0.041 ,  0.041 ,  0.006 ,  0.006 ,  61.6 ,  3.3 ,  3.3 ,    2.09 ,   0.16 ,   0.16 ,   0.01 ,   0.01 , 1603 ,  39 ,  39 ,  0.0440 ,  0.0013 ,  0.0013 ,  0.0002 ,  0.0002 , 0.1969 , 0.0100 , 0.0100 , 0.0011 ,  0.0011 , 2.7 , 2.4 , 1.4 , 1.2 , 0.5 , 2012MNRAS.426.1291S
KOI-196      , 0.939 , 0.092 , 0.082 , 0.019 , 0.015 , 0.939 , 0.062 , 0.031 , 0.006 , 0.005 , 4.466 , 0.018 , 0.054 , 0.003 , 0.002 ,  1.135 ,  0.046 ,  0.183 ,  0.493 ,  0.072 ,  0.070 ,  0.007 ,  0.005 ,  0.852 ,  0.071 ,  0.031 ,  0.006 ,  0.005 ,  16.9 ,  2.3 ,  3.2 ,    0.75 ,   0.11 ,   0.18 ,   0.00 ,   0.01 , 1554 ,  53 ,  29 , 0.02895 , 0.00091 , 0.00086 , 0.00020 , 0.00016 , 0.0356 , 0.0048 , 0.0002 , 0.0054 ,  0.0002 , 6.2 , 5.2 , 5.1 , 0.6 , 0.5 , 2012MNRAS.426.1291S
KOI-204      ,  1.21 ,  0.13 ,  0.13 ,  0.01 ,  0.01 ,  1.46 ,  0.12 ,  0.12 ,  0.00 ,  0.00 , 4.192 , 0.055 , 0.055 , 0.001 , 0.001 ,  0.388 ,  0.071 ,  0.071 ,  1.030 ,  0.087 ,  0.087 ,  0.006 ,  0.006 ,   1.20 ,   0.11 ,   0.11 ,   0.00 ,   0.00 ,  17.6 ,  2.9 ,  2.9 ,    0.55 ,   0.14 ,   0.14 ,   0.00 ,   0.00 , 1568 ,  59 ,  59 ,  0.0457 ,  0.0017 ,  0.0017 ,  0.0001 ,  0.0001 , 0.0647 , 0.0063 , 0.0063 , 0.0002 ,  0.0002 , 4.7 , 4.4 , 6.7 , 0.3 , 0.4 , 2012MNRAS.426.1291S
KOI-254      , 0.570 , 0.040 , 0.040 , 0.044 , 0.044 , 0.539 , 0.036 , 0.036 , 0.014 , 0.014 , 4.730 , 0.039 , 0.039 , 0.011 , 0.011 ,   3.63 ,   0.52 ,   0.52 ,  0.500 ,  0.055 ,  0.055 ,  0.026 ,  0.026 ,  0.999 ,  0.064 ,  0.064 ,  0.026 ,  0.026 ,  12.4 ,  1.8 ,  1.8 ,   0.469 ,  0.093 ,  0.093 ,  0.012 ,  0.012 ,  787 ,  26 ,  26 , 0.02954 , 0.00068 , 0.00068 , 0.00075 , 0.00075 , 0.0518 , 0.0059 , 0.0059 , 0.0013 ,  0.0013 ,  10 ,  10 ,  10 ,  10 ,  10 , 2012MNRAS.426.1291S
KOI-423      ,  1.08 ,  0.16 ,  0.16 ,  0.03 ,  0.03 , 1.225 , 0.092 , 0.092 , 0.010 , 0.010 , 4.294 , 0.039 , 0.039 , 0.004 , 0.004 ,  0.586 ,  0.072 ,  0.072 ,   17.9 ,    1.8 ,    1.8 ,    0.3 ,    0.3 ,  1.092 ,  0.077 ,  0.077 ,  0.009 ,  0.009 ,   372 ,   38 ,   38 ,    12.9 ,    2.1 ,    2.1 ,    0.1 ,    0.1 ,  851 ,  25 ,  25 ,  0.1539 ,  0.0073 ,  0.0073 ,  0.0013 ,  0.0013 ,   4.69 ,   0.35 ,   0.35 ,   0.04 ,    0.04 , 4.4 , 2.2 , 4.2 , 0.7 , 0.5 , 2012MNRAS.426.1291S
KOI-428      ,  1.46 ,  0.18 ,  0.18 ,  0.18 ,  0.18 ,  2.48 ,  0.17 ,  0.17 ,  0.10 ,  0.10 , 3.812 , 0.048 , 0.048 , 0.017 , 0.017 ,  0.096 ,  0.014 ,  0.014 ,   2.16 ,   0.40 ,   0.40 ,   0.18 ,   0.18 ,   1.44 ,   0.11 ,   0.11 ,   0.06 ,   0.06 ,  25.7 ,  5.0 ,  5.0 ,    0.67 ,   0.17 ,   0.17 ,   0.03 ,   0.03 , 1744 ,  51 ,  51 ,  0.0802 ,  0.0032 ,  0.0032 ,  0.0032 ,  0.0032 ,  0.165 ,  0.028 ,  0.028 ,  0.007 ,   0.007 , 0.8 , 3.6 , 1.5 , 0.7 , 0.8 , 2012MNRAS.426.1291S
Kepler-04    , 1.173 , 0.193 , 0.095 , 0.039 , 0.033 ,  1.48 ,  0.33 ,  0.13 ,  0.02 ,  0.01 , 4.168 , 0.063 , 0.133 , 0.005 , 0.004 ,  0.362 ,  0.081 ,  0.136 ,  0.075 ,  0.013 ,  0.011 ,  0.002 ,  0.001 ,  0.368 ,  0.074 ,  0.034 ,  0.004 ,  0.003 ,  13.8 ,  3.3 ,  4.5 ,    1.41 ,   0.48 ,   0.62 ,   0.01 ,   0.02 , 1620 , 140 ,  60 ,  0.0449 ,  0.0024 ,  0.0012 ,  0.0005 ,  0.0004 , 0.0156 , 0.0025 , 0.0034 , 0.0001 ,  0.0002 , 5.3 , 1.5 , 2.5 , 0.4 , 0.4 , 2011MNRAS.417.2166S
Kepler-05    , 1.296 , 0.040 , 0.030 , 0.011 , 0.022 , 1.544 , 0.055 , 0.042 , 0.004 , 0.009 , 4.174 , 0.023 , 0.024 , 0.001 , 0.002 ,  0.352 ,  0.025 ,  0.029 ,  2.034 ,  0.049 ,  0.040 ,  0.011 ,  0.023 ,  1.209 ,  0.035 ,  0.030 ,  0.003 ,  0.007 ,  34.5 ,  1.7 ,  1.9 ,   1.077 ,  0.080 ,  0.086 ,  0.006 ,  0.003 , 1692 ,  29 ,  25 , 0.04967 , 0.00051 , 0.00038 , 0.00014 , 0.00028 , 0.1288 , 0.0036 , 0.0040 , 0.0007 ,  0.0004 , 2.8 , 0.3 , 0.5 , 0.3 , 0.3 , 2011MNRAS.417.2166S
Kepler-06    , 1.114 , 0.146 , 0.062 , 0.061 , 0.040 , 1.261 , 0.057 , 0.024 , 0.023 , 0.015 , 4.284 , 0.017 , 0.011 , 0.008 , 0.005 ,  0.555 ,  0.008 ,  0.021 ,  0.633 ,  0.057 ,  0.031 ,  0.023 ,  0.015 ,  1.169 ,  0.052 ,  0.022 ,  0.021 ,  0.014 , 11.48 , 0.39 , 0.54 ,   0.370 ,  0.015 ,  0.026 ,  0.004 ,  0.007 , 1451 ,  15 ,  13 , 0.04438 , 0.00181 , 0.00081 , 0.00080 , 0.00053 , 0.0431 , 0.0016 , 0.0022 , 0.0005 ,  0.0008 , 5.7 , 0.8 , 2.3 , 0.3 , 0.5 , 2011MNRAS.417.2166S
Kepler-07    , 1.413 , 0.081 , 0.081 , 0.060 , 0.060 , 2.028 , 0.025 , 0.025 , 0.029 , 0.029 , 3.974 , 0.018 , 0.018 , 0.006 , 0.006 ,  0.169 ,  0.007 ,  0.007 ,  0.453 ,  0.067 ,  0.067 ,  0.013 ,  0.013 ,  1.649 ,  0.030 ,  0.030 ,  0.024 ,  0.024 ,  4.13 , 0.35 , 0.35 ,  0.0944 , 0.0085 , 0.0085 , 0.0014 , 0.0014 , 1619 ,  15 ,  15 , 0.06324 , 0.00042 , 0.00042 , 0.00090 , 0.00090 , 0.0245 , 0.0021 , 0.0021 , 0.0004 ,  0.0004 , 2.9 , 0.0 , 0.1 , 0.3 , 0.3 , 2012MNRAS.426.1291S
Kepler-08    , 1.230 , 0.072 , 0.072 ,  0.01 ,  0.01 , 1.495 , 0.037 , 0.037 , 0.005 , 0.005 , 4.178 , 0.022 , 0.022 , 0.002 , 0.002 ,  0.368 ,  0.014 ,  0.014 ,   0.59 ,   0.12 ,   0.12 ,   0.00 ,   0.00 ,  1.381 ,  0.037 ,  0.037 ,  0.005 ,  0.005 ,   7.7 ,  1.4 ,  1.4 ,   0.210 ,  0.040 ,  0.040 ,  0.001 ,  0.001 , 1662 ,  41 ,  41 ,  0.0485 ,  0.0012 ,  0.0012 ,  0.0002 ,  0.0002 , 0.0337 , 0.0063 , 0.0063 , 0.0001 ,  0.0001 , 3.2 , 1.8 , 3.1 , 0.6 , 1.1 , 2011MNRAS.417.2166S
Kepler-12    , 1.157 , 0.147 , 0.078 , 0.022 , 0.011 , 1.490 , 0.061 , 0.038 , 0.009 , 0.005 , 4.155 , 0.018 , 0.014 , 0.003 , 0.001 ,  0.350 ,  0.006 ,  0.009 ,  0.430 ,  0.053 ,  0.044 ,  0.005 ,  0.003 ,  1.706 ,  0.069 ,  0.039 ,  0.011 ,  0.006 ,  3.66 , 0.33 , 0.34 ,   0.081 ,  0.008 ,  0.008 ,  0.001 ,  0.001 , 1485 ,  25 ,  25 ,  0.0555 ,  0.0022 ,  0.0013 ,  0.0003 ,  0.0002 , 0.0241 , 0.0022 , 0.0001 , 0.0024 ,  0.0002 , 5.3 , 1.5 , 5.0 , 0.3 , 0.3 , 2012MNRAS.426.1291S
Kepler-14    , 1.318 , 0.052 , 0.052 , 0.029 , 0.029 ,  2.09 ,  0.11 ,  0.11 ,  0.02 ,  0.02 , 3.918 , 0.040 , 0.040 , 0.003 , 0.003 ,  0.145 ,  0.020 ,  0.020 ,   7.68 ,   0.37 ,   0.37 ,   0.11 ,   0.11 ,  1.126 ,  0.049 ,  0.049 ,  0.008 ,  0.008 ,   150 ,   13 ,   13 ,    5.04 ,   0.67 ,   0.67 ,   0.04 ,   0.04 , 1605 ,  39 ,  39 ,  0.0771 ,  0.0010 ,  0.0010 ,  0.0006 ,  0.0006 ,  0.798 ,  0.047 ,  0.047 ,  0.006 ,   0.006 , 2.2 , 1.6 , 1.9 , 0.9 , 0.5 , 2012MNRAS.426.1291S
Kepler-15    ,  1.08 ,  0.12 ,  0.12 ,  0.05 ,  0.05 , 1.253 , 0.047 , 0.047 , 0.020 , 0.020 , 4.275 , 0.017 , 0.017 , 0.007 , 0.007 ,  0.548 ,  0.008 ,  0.008 ,  0.696 ,  0.097 ,  0.097 ,  0.022 ,  0.022 ,  1.289 ,  0.050 ,  0.050 ,  0.021 ,  0.021 ,  10.4 ,  1.1 ,  1.1 ,   0.304 ,  0.036 ,  0.036 ,  0.005 ,  0.005 , 1251 ,  27 ,  27 ,  0.0583 ,  0.0022 ,  0.0022 ,  0.0009 ,  0.0009 , 0.0582 , 0.0068 , 0.0068 , 0.0009 ,  0.0009 , 6.7 , 6.7 , 1.6 , 0.9 , 1.1 , 2012MNRAS.426.1291S
Kepler-17    , 1.066 , 0.022 , 0.150 , 0.045 , 0.061 , 0.983 , 0.013 , 0.047 , 0.014 , 0.019 , 4.481 , 0.005 , 0.023 , 0.006 , 0.008 ,  1.121 ,  0.015 ,  0.034 ,  2.340 ,  0.060 ,  0.228 ,  0.066 ,  0.089 ,  1.310 ,  0.016 ,  0.063 ,  0.018 ,  0.025 , 33.82 , 0.85 , 1.01 ,   0.974 ,  0.054 ,  0.037 ,  0.019 ,  0.014 , 1712 ,  26 ,  25 , 0.02605 , 0.00018 , 0.00124 , 0.00037 , 0.00050 , 0.0873 , 0.0047 , 0.0017 , 0.0023 ,  0.0012 , 1.5 , 9.9 , 1.2 , 2.6 , 1.5 , 2012MNRAS.426.1291S
LHS_6343     , 0.440 , 0.049 , 0.049 , 0.012 , 0.012 , 0.418 , 0.030 , 0.030 , 0.004 , 0.004 , 4.839 , 0.035 , 0.035 , 0.004 , 0.004 ,   6.01 ,   0.76 ,   0.76 ,   69.9 ,    5.6 ,    5.6 ,    1.2 ,    1.2 ,  0.864 ,  0.048 ,  0.048 ,  0.007 ,  0.007 ,  2320 ,  210 ,  210 ,     101 ,     13 ,     13 ,      0 ,      0 ,  352 ,  22 ,  22 ,  0.0850 ,  0.0031 ,  0.0031 ,  0.0007 ,  0.0007 ,   31.2 ,    2.2 ,    2.2 ,    0.3 ,     0.3 , 4.0 , 0.7 , 0.0 , 2.0 , 3.0 , 2011MNRAS.417.2166S
OGLE-TR-010  , 1.277 , 0.082 , 0.082 , 0.013 , 0.013 ,  1.52 ,  0.10 ,  0.10 ,  0.00 ,  0.00 , 4.178 , 0.053 , 0.053 , 0.001 , 0.001 ,  0.361 ,  0.063 ,  0.063 ,   0.68 ,   0.15 ,   0.15 ,   0.00 ,   0.00 ,   1.72 ,   0.11 ,   0.11 ,   0.01 ,   0.01 ,   5.7 ,  1.4 ,  1.4 ,   0.125 ,  0.036 ,  0.036 ,  0.000 ,  0.000 , 1702 ,  54 ,  54 , 0.04516 , 0.00099 , 0.00099 , 0.00015 , 0.00015 , 0.0279 , 0.0062 , 0.0062 , 0.0001 ,  0.0001 , 3.1 , 3.3 , 0.7 , 0.3 , 0.2 , 2010MNRAS.408.1689S
OGLE-TR-056  , 1.339 , 0.077 , 0.077 , 0.066 , 0.066 , 1.737 , 0.035 , 0.035 , 0.029 , 0.029 , 4.086 , 0.018 , 0.018 , 0.007 , 0.007 ,  0.256 ,  0.011 ,  0.011 ,   1.41 ,   0.17 ,   0.17 ,   0.05 ,   0.05 ,  1.734 ,  0.051 ,  0.051 ,  0.029 ,  0.029 ,  11.6 ,  1.3 ,  1.3 ,   0.253 ,  0.031 ,  0.031 ,  0.004 ,  0.004 , 2482 ,  30 ,  30 , 0.02453 , 0.00046 , 0.00046 , 0.00041 , 0.00041 , 0.0298 , 0.0033 , 0.0033 , 0.0005 ,  0.0005 , 3.0 , 2.9 , 1.3 , 0.3 , 0.4 , 2012MNRAS.426.1291S
OGLE-TR-111  , 0.846 , 0.049 , 0.049 , 0.043 , 0.043 , 0.822 , 0.019 , 0.019 , 0.014 , 0.014 , 4.536 , 0.024 , 0.024 , 0.008 , 0.008 ,   1.52 ,   0.10 ,   0.10 ,   0.55 ,   0.10 ,   0.10 ,   0.02 ,   0.02 ,  1.011 ,  0.035 ,  0.035 ,  0.017 ,  0.017 ,  13.2 ,  2.5 ,  2.5 ,    0.49 ,   0.10 ,   0.10 ,   0.01 ,   0.01 , 1019 ,  20 ,  20 , 0.04676 , 0.00092 , 0.00092 , 0.00081 , 0.00081 ,  0.060 ,  0.011 ,  0.011 ,  0.001 ,   0.001 , 9.7 , 9.6 , 8.8 , 5.3 , 2.8 , 2012MNRAS.426.1291S
OGLE-TR-113  , 0.755 , 0.095 , 0.095 , 0.021 , 0.021 , 0.766 , 0.038 , 0.038 , 0.007 , 0.007 , 4.548 , 0.021 , 0.021 , 0.004 , 0.004 ,  1.679 ,  0.064 ,  0.064 ,   1.23 ,   0.20 ,   0.20 ,   0.02 ,   0.02 ,  1.088 ,  0.054 ,  0.054 ,  0.010 ,  0.010 ,  25.7 ,  3.4 ,  3.4 ,    0.89 ,   0.13 ,   0.13 ,   0.01 ,   0.01 , 1342 ,  22 ,  22 , 0.02265 , 0.00099 , 0.00099 , 0.00021 , 0.00021 , 0.0678 , 0.0095 , 0.0095 , 0.0006 ,  0.0006 ,  10 ,  10 ,  10 ,  10 ,  10 , 2012MNRAS.426.1291S
OGLE-TR-132  ,  1.29 ,  0.12 ,  0.12 ,  0.04 ,  0.04 , 1.338 , 0.075 , 0.075 , 0.013 , 0.013 , 4.297 , 0.036 , 0.036 , 0.004 , 0.004 ,  0.540 ,  0.062 ,  0.062 ,   1.17 ,   0.15 ,   0.15 ,   0.02 ,   0.02 ,  1.229 ,  0.075 ,  0.075 ,  0.012 ,  0.012 ,  19.2 ,  2.8 ,  2.8 ,    0.59 ,   0.11 ,   0.11 ,   0.01 ,   0.01 , 1991 ,  42 ,  42 , 0.03026 , 0.00098 , 0.00098 , 0.00029 , 0.00029 , 0.0445 , 0.0056 , 0.0056 , 0.0004 ,  0.0004 , 1.7 , 3.5 , 2.2 , 2.1 , 0.7 , 2012MNRAS.426.1291S
OGLE-TR-182  , 1.187 , 0.039 , 0.039 , 0.021 , 0.021 ,  1.53 ,  0.17 ,  0.17 ,  0.01 ,  0.01 , 4.142 , 0.089 , 0.089 , 0.003 , 0.003 ,   0.33 ,   0.10 ,   0.10 ,   1.06 ,   0.15 ,   0.15 ,   0.01 ,   0.01 ,   1.47 ,   0.14 ,   0.14 ,   0.01 ,   0.01 ,  12.1 ,  2.9 ,  2.9 ,   0.311 ,  0.104 ,  0.104 ,  0.002 ,  0.002 , 1550 ,  81 ,  81 , 0.05205 , 0.00057 , 0.00057 , 0.00031 , 0.00031 , 0.0628 , 0.0109 , 0.0109 , 0.0004 ,  0.0004 , 4.3 , 0.5 , 1.9 , 1.4 , 1.3 , 2010MNRAS.408.1689S
OGLE-TR-211  , 1.312 , 0.059 , 0.056 , 0.015 , 0.016 ,  1.56 ,  0.18 ,  0.10 ,  0.01 ,  0.01 , 4.170 , 0.052 , 0.085 , 0.002 , 0.002 ,  0.345 ,  0.068 ,  0.090 ,   0.75 ,   0.15 ,   0.15 ,   0.01 ,   0.01 ,   1.26 ,   0.16 ,   0.09 ,   0.01 ,   0.01 ,  11.6 ,  2.9 ,  3.3 ,   0.348 ,  0.109 ,  0.124 ,  0.001 ,  0.001 , 1686 ,  90 ,  55 , 0.05105 , 0.00076 , 0.00073 , 0.00020 , 0.00021 , 0.0460 , 0.0097 , 0.0104 , 0.0002 ,  0.0002 , 2.6 , 0.6 , 0.7 , 0.4 , 0.3 , 2010MNRAS.408.1689S
OGLE-TR-L9   , 1.427 , 0.099 , 0.099 , 0.028 , 0.028 , 1.499 , 0.042 , 0.042 , 0.010 , 0.010 , 4.241 , 0.016 , 0.016 , 0.003 , 0.003 ,  0.424 ,  0.018 ,  0.018 ,    4.4 ,    1.5 ,    1.5 ,    0.1 ,    0.1 ,  1.633 ,  0.045 ,  0.045 ,  0.011 ,  0.011 ,    40 ,   13 ,   13 ,    0.94 ,   0.32 ,   0.32 ,   0.01 ,   0.01 , 2034 ,  22 ,  22 , 0.04047 , 0.00093 , 0.00093 , 0.00026 , 0.00026 ,  0.151 ,  0.051 ,  0.051 ,  0.001 ,   0.001 , 1.0 , 0.6 , 1.3 , 0.3 , 0.2 , 2012MNRAS.426.1291S
TrES-1       , 0.892 , 0.026 , 0.026 , 0.041 , 0.041 , 0.818 , 0.017 , 0.017 , 0.013 , 0.013 , 4.563 , 0.019 , 0.019 , 0.007 , 0.007 ,  1.632 ,  0.092 ,  0.092 ,  0.761 ,  0.045 ,  0.045 ,  0.023 ,  0.023 ,  1.099 ,  0.031 ,  0.031 ,  0.017 ,  0.017 ,  15.6 ,  1.2 ,  1.2 ,   0.536 ,  0.052 ,  0.052 ,  0.009 ,  0.009 , 1147 ,  15 ,  15 , 0.03946 , 0.00039 , 0.00039 , 0.00060 , 0.00060 , 0.0612 , 0.0037 , 0.0037 , 0.0009 ,  0.0009 , 3.4 , 3.4 , 3.0 , 1.9 , 2.9 , 2010MNRAS.408.1689S
TrES-2       , 0.991 , 0.052 , 0.052 , 0.024 , 0.024 , 0.964 , 0.017 , 0.017 , 0.008 , 0.008 , 4.466 , 0.008 , 0.008 , 0.004 , 0.004 ,  1.105 ,  0.011 ,  0.011 ,  1.206 ,  0.045 ,  0.045 ,  0.020 ,  0.020 ,  1.193 ,  0.021 ,  0.021 ,  0.010 ,  0.010 , 21.02 , 0.31 , 0.31 ,   0.665 ,  0.015 ,  0.015 ,  0.005 ,  0.005 , 1466 ,  12 ,  12 , 0.03567 , 0.00061 , 0.00061 , 0.00029 , 0.00029 , 0.0727 , 0.0017 , 0.0017 , 0.0006 ,  0.0006 , 3.4 , 2.0 , 2.2 , 0.5 , 0.5 , 2011MNRAS.417.2166S
TrES-3       , 0.921 , 0.014 , 0.014 , 0.014 , 0.014 , 0.824 , 0.010 , 0.010 , 0.004 , 0.004 , 4.571 , 0.006 , 0.006 , 0.002 , 0.002 ,  1.648 ,  0.041 ,  0.041 ,  1.899 ,  0.060 ,  0.060 ,  0.019 ,  0.019 ,  1.310 ,  0.019 ,  0.019 ,  0.006 ,  0.006 ,  27.4 ,  1.1 ,  1.1 ,   0.790 ,  0.040 ,  0.040 ,  0.004 ,  0.004 , 1638 ,  22 ,  22 , 0.02276 , 0.00012 , 0.00012 , 0.00011 , 0.00011 , 0.0716 , 0.0024 , 0.0024 , 0.0004 ,  0.0004 , 1.0 , 0.5 , 0.0 , 0.0 , 0.0 , 2011MNRAS.417.2166S
TrES-4       , 1.339 , 0.084 , 0.084 , 0.016 , 0.016 , 1.834 , 0.087 , 0.087 , 0.007 , 0.007 , 4.038 , 0.033 , 0.033 , 0.002 , 0.002 ,  0.217 ,  0.025 ,  0.025 ,  0.897 ,  0.075 ,  0.075 ,  0.007 ,  0.007 ,  1.735 ,  0.072 ,  0.072 ,  0.007 ,  0.007 ,  7.39 , 0.76 , 0.76 ,   0.161 ,  0.021 ,  0.021 ,  0.001 ,  0.001 , 1805 ,  40 ,  40 ,  0.0502 ,  0.0010 ,  0.0010 ,  0.0002 ,  0.0002 , 0.0387 , 0.0033 , 0.0033 , 0.0002 ,  0.0002 , 2.5 , 2.8 , 0.7 , 0.9 , 2.5 , 2012MNRAS.426.1291S
WASP-01      , 1.265 , 0.052 , 0.030 , 0.015 , 0.014 , 1.465 , 0.051 , 0.079 , 0.006 , 0.005 , 4.209 , 0.051 , 0.028 , 0.002 , 0.002 ,  0.403 ,  0.069 ,  0.037 ,  0.980 ,  0.047 ,  0.042 ,  0.008 ,  0.007 ,  1.493 ,  0.061 ,  0.091 ,  0.006 ,  0.006 ,  10.9 ,  1.5 ,  0.9 ,   0.275 ,  0.058 ,  0.032 ,  0.001 ,  0.001 , 1830 ,  33 ,  49 , 0.03920 , 0.00053 , 0.00031 , 0.00015 , 0.00015 , 0.0406 , 0.0031 , 0.0002 , 0.0023 ,  0.0002 , 2.7 , 0.4 , 3.5 , 0.5 , 0.4 , 2012MNRAS.426.1291S
WASP-02      , 0.851 , 0.038 , 0.038 , 0.032 , 0.032 , 0.823 , 0.015 , 0.015 , 0.010 , 0.010 , 4.537 , 0.016 , 0.016 , 0.005 , 0.005 ,  1.524 ,  0.067 ,  0.067 ,  0.880 ,  0.031 ,  0.031 ,  0.022 ,  0.022 ,  1.063 ,  0.025 ,  0.025 ,  0.013 ,  0.013 , 19.31 , 0.80 , 0.80 ,   0.685 ,  0.042 ,  0.042 ,  0.008 ,  0.008 , 1286 ,  17 ,  17 , 0.03092 , 0.00046 , 0.00046 , 0.00038 , 0.00038 , 0.0601 , 0.0019 , 0.0019 , 0.0007 ,  0.0007 , 8.2 , 6.3 , 3.3 , 2.5 , 1.7 , 2012MNRAS.426.1291S
WASP-03      ,  1.26 ,  0.10 ,  0.10 ,  0.02 ,  0.02 , 1.366 , 0.044 , 0.044 , 0.008 , 0.008 , 4.268 , 0.018 , 0.018 , 0.003 , 0.003 ,  0.495 ,  0.024 ,  0.024 ,   2.03 ,   0.12 ,   0.12 ,   0.03 ,   0.03 ,  1.416 ,  0.047 ,  0.047 ,  0.009 ,  0.009 ,  25.1 ,  1.2 ,  1.2 ,   0.669 ,  0.047 ,  0.047 ,  0.004 ,  0.004 , 2020 ,  35 ,  35 , 0.03185 , 0.00086 , 0.00086 , 0.00020 , 0.00020 , 0.0724 , 0.0031 , 0.0031 , 0.0004 ,  0.0004 , 2.1 , 1.2 , 1.2 , 0.4 , 0.4 , 2011MNRAS.417.2166S
WASP-04      , 0.927 , 0.044 , 0.044 , 0.034 , 0.034 , 0.910 , 0.015 , 0.015 , 0.011 , 0.011 , 4.487 , 0.009 , 0.009 , 0.005 , 0.005 ,  1.230 ,  0.022 ,  0.022 ,  1.249 ,  0.043 ,  0.043 ,  0.030 ,  0.030 ,  1.364 ,  0.024 ,  0.024 ,  0.016 ,  0.016 , 16.64 , 0.33 , 0.33 ,   0.460 ,  0.014 ,  0.014 ,  0.006 ,  0.006 , 1673 ,  17 ,  17 , 0.02318 , 0.00037 , 0.00037 , 0.00028 , 0.00028 , 0.0458 , 0.0010 , 0.0010 , 0.0005 ,  0.0005 , 6.4 , 2.7 , 5.3 , 1.9 , 1.9 , 2012MNRAS.426.1291S
WASP-05      , 1.033 , 0.045 , 0.045 , 0.021 , 0.021 , 1.088 , 0.040 , 0.040 , 0.008 , 0.008 , 4.379 , 0.030 , 0.030 , 0.003 , 0.003 ,  0.801 ,  0.080 ,  0.080 ,  1.595 ,  0.048 ,  0.048 ,  0.022 ,  0.022 ,  1.175 ,  0.055 ,  0.055 ,  0.008 ,  0.008 ,  28.6 ,  2.6 ,  2.6 ,    0.92 ,   0.12 ,   0.12 ,   0.01 ,   0.01 , 1753 ,  35 ,  35 , 0.02740 , 0.00040 , 0.00040 , 0.00019 , 0.00019 , 0.0719 , 0.0034 , 0.0034 , 0.0005 ,  0.0005 , 5.6 , 2.2 , 2.2 , 1.1 , 1.0 , 2012MNRAS.426.1291S
WASP-07      , 1.317 , 0.069 , 0.069 , 0.022 , 0.022 , 1.478 , 0.088 , 0.088 , 0.008 , 0.008 , 4.218 , 0.048 , 0.048 , 0.002 , 0.002 ,  0.408 ,  0.068 ,  0.068 ,   0.98 ,   0.13 ,   0.13 ,   0.01 ,   0.01 ,  1.374 ,  0.094 ,  0.094 ,  0.008 ,  0.008 ,  12.9 ,  2.4 ,  2.4 ,   0.353 ,  0.087 ,  0.087 ,  0.002 ,  0.002 , 1530 ,  45 ,  45 ,  0.0624 ,  0.0011 ,  0.0011 ,  0.0003 ,  0.0003 ,  0.067 ,  0.010 ,  0.010 ,  0.000 ,   0.000 , 1.9 , 0.7 , 0.6 , 0.3 , 0.3 , 2012MNRAS.426.1291S
WASP-10      , 0.752 , 0.081 , 0.081 , 0.048 , 0.048 , 0.703 , 0.036 , 0.036 , 0.015 , 0.015 , 4.620 , 0.049 , 0.049 , 0.009 , 0.009 ,   2.16 ,   0.31 ,   0.31 ,   3.16 ,   0.23 ,   0.23 ,   0.13 ,   0.13 ,  1.067 ,  0.064 ,  0.064 ,  0.022 ,  0.022 ,  68.9 ,  6.7 ,  6.7 ,    2.43 ,   0.36 ,   0.36 ,   0.05 ,   0.05 ,  972 ,  31 ,  31 ,  0.0378 ,  0.0014 ,  0.0014 ,  0.0008 ,  0.0008 ,  0.298 ,  0.019 ,  0.019 ,  0.006 ,   0.006 , 7.1 , 20. , 12. , 4.9 , 6.4 , 2010MNRAS.408.1689S
WASP-103     , 1.205 , 0.094 , 0.117 , 0.021 , 0.015 , 1.413 , 0.040 , 0.048 , 0.008 , 0.006 , 4.219 , 0.012 , 0.016 , 0.003 , 0.002 ,  0.428 ,  0.007 ,  0.011 ,   1.47 ,   0.11 ,   0.02 ,   0.13 ,   0.01 ,  1.596 ,  0.044 ,  0.054 ,  0.009 ,  0.007 , 14.34 , 0.83 , 0.85 ,   0.339 ,  0.023 ,  0.023 ,  0.001 ,  0.002 , 2489 ,  66 ,  65 , 0.01979 , 0.00051 , 0.00065 , 0.00012 , 0.00008 , 0.0303 , 0.0020 , 0.0019 , 0.0001 ,  0.0002 , 3.8 , 2.1 , 1.7 , 0.4 , 0.4 , arXiv:1608.00746   
WASP-12      ,  1.38 ,  0.18 ,  0.18 ,  0.05 ,  0.05 , 1.619 , 0.076 , 0.076 , 0.021 , 0.021 , 4.159 , 0.023 , 0.023 , 0.006 , 0.006 ,  0.325 ,  0.016 ,  0.016 ,   1.43 ,   0.13 ,   0.13 ,   0.04 ,   0.04 ,  1.825 ,  0.091 ,  0.091 ,  0.024 ,  0.024 , 10.63 , 0.53 , 0.53 ,   0.220 ,  0.019 ,  0.019 ,  0.003 ,  0.003 , 2523 ,  45 ,  45 , 0.02309 , 0.00096 , 0.00096 , 0.00030 , 0.00030 , 0.0262 , 0.0013 , 0.0013 , 0.0003 ,  0.0003 , 2.0 , 0.7 , 2.6 , 0.3 , 0.6 , 2012MNRAS.426.1291S
WASP-13      ,  1.22 ,  0.12 ,  0.12 ,  0.01 ,  0.01 , 1.657 , 0.079 , 0.079 , 0.004 , 0.004 , 4.086 , 0.033 , 0.033 , 0.001 , 0.001 ,  0.268 ,  0.029 ,  0.029 ,  0.512 ,  0.060 ,  0.060 ,  0.002 ,  0.002 ,  1.528 ,  0.084 ,  0.084 ,  0.004 ,  0.004 ,  5.44 , 0.73 , 0.73 ,   0.134 ,  0.023 ,  0.023 ,  0.000 ,  0.000 , 1531 ,  37 ,  37 ,  0.0557 ,  0.0018 ,  0.0018 ,  0.0001 ,  0.0001 , 0.0307 , 0.0035 , 0.0035 , 0.0001 ,  0.0001 , 5.0 , 2.6 , 1.7 , 1.6 , 0.9 , 2012MNRAS.426.1291S
WASP-14      ,  1.35 ,  0.12 ,  0.12 ,  0.02 ,  0.02 , 1.666 , 0.097 , 0.097 , 0.009 , 0.009 , 4.126 , 0.042 , 0.042 , 0.002 , 0.002 ,  0.293 ,  0.042 ,  0.042 ,   7.90 ,   0.46 ,   0.46 ,   0.09 ,   0.09 ,  1.633 ,  0.092 ,  0.092 ,  0.009 ,  0.009 ,  73.4 ,  7.1 ,  7.1 ,    1.69 ,   0.25 ,   0.25 ,   0.01 ,   0.01 , 2090 ,  59 ,  59 ,  0.0372 ,  0.0011 ,  0.0011 ,  0.0002 ,  0.0002 ,  0.265 ,  0.015 ,  0.015 ,  0.001 ,   0.001 , 2.4 , 1.5 , 1.0 , 0.2 , 0.2 , 2012MNRAS.426.1291S
WASP-15      , 1.305 , 0.051 , 0.051 , 0.006 , 0.006 , 1.522 , 0.044 , 0.044 , 0.002 , 0.002 , 4.189 , 0.021 , 0.021 , 0.001 , 0.001 ,  0.370 ,  0.027 ,  0.027 ,  0.592 ,  0.019 ,  0.019 ,  0.002 ,  0.002 ,  1.408 ,  0.046 ,  0.046 ,  0.002 ,  0.002 ,  7.39 , 0.46 , 0.46 ,   0.198 ,  0.018 ,  0.000 ,  0.018 ,  0.000 , 1676 ,  29 ,  29 , 0.05165 , 0.00067 , 0.00067 , 0.00008 , 0.00008 , 0.0332 , 0.0013 , 0.0013 , 0.0001 ,  0.0001 , 2.4 , 0.6 , 0.6 , 0.2 , 0.4 , 2013MNRAS.434.1300S
WASP-16      , 0.980 , 0.049 , 0.049 , 0.023 , 0.023 , 1.087 , 0.041 , 0.041 , 0.008 , 0.008 , 4.357 , 0.022 , 0.022 , 0.003 , 0.003 ,  0.762 ,  0.056 ,  0.056 ,  0.832 ,  0.036 ,  0.036 ,  0.013 ,  0.013 ,  1.218 ,  0.039 ,  0.039 ,  0.009 ,  0.009 , 13.92 , 0.71 , 0.71 ,   0.431 ,  0.033 ,  0.003 ,  0.033 ,  0.003 , 1389 ,  24 ,  24 , 0.04150 , 0.00070 , 0.00070 , 0.00032 , 0.00032 , 0.0579 , 0.0021 , 0.0021 , 0.0004 ,  0.0004 , 8.6 , 3.3 , 2.7 , 0.6 , 0.9 , 2013MNRAS.434.1300S
WASP-17      , 1.286 , 0.076 , 0.076 , 0.020 ,  0.02 , 1.583 , 0.040 , 0.040 , 0.008 , 0.008 , 4.149 , 0.014 , 0.014 , 0.002 , 0.002 ,  0.324 ,  0.012 ,  0.012 ,  0.477 ,  0.033 ,  0.033 ,  0.005 ,  0.005 ,  1.932 ,  0.052 ,  0.052 ,  0.010 ,  0.010 ,  3.16 , 0.20 , 0.20 ,  0.0618 , 0.0048 , 0.0048 , 0.0003 , 0.0003 , 1755 ,  28 ,  28 , 0.05125 , 0.00099 , 0.00099 , 0.00027 , 0.00027 , 0.0196 , 0.0012 , 0.0012 , 0.0001 ,  0.0001 , 2.7 , 0.6 , 1.0 , 0.6 , 0.6 , 2012MNRAS.426.1338S
WASP-18      , 1.274 , 0.054 , 0.054 , 0.027 , 0.027 , 1.228 , 0.042 , 0.042 , 0.009 , 0.009 , 4.365 , 0.027 , 0.027 , 0.003 , 0.003 ,  0.687 ,  0.062 ,  0.062 ,  10.38 ,   0.30 ,   0.30 ,   0.15 ,   0.15 ,  1.163 ,  0.054 ,  0.054 ,  0.008 ,  0.008 ,   190 ,   16 ,   16 ,    6.18 ,   0.83 ,   0.83 ,   0.04 ,   0.04 , 2413 ,  44 ,  44 , 0.02043 , 0.00029 , 0.00029 , 0.00014 , 0.00014 ,  0.286 ,  0.013 ,  0.013 ,  0.002 ,   0.002 , 0.4 , 1.0 , 0.7 , 0.4 , 0.3 , 2012MNRAS.426.1291S
WASP-21      ,  0.98 ,  0.12 ,  0.12 ,  0.07 ,  0.07 , 1.186 , 0.081 , 0.081 , 0.028 , 0.028 , 4.281 , 0.031 , 0.031 , 0.010 , 0.010 ,  0.587 ,  0.061 ,  0.061 ,  0.295 ,  0.027 ,  0.027 ,  0.014 ,  0.014 ,  1.263 ,  0.085 ,  0.085 ,  0.029 ,  0.029 ,  4.58 , 0.45 , 0.45 ,   0.137 ,  0.021 ,  0.021 ,  0.003 ,  0.003 , 1340 ,  32 ,  32 ,  0.0516 ,  0.0020 ,  0.0020 ,  0.0012 ,  0.0012 , 0.0245 , 0.0019 , 0.0019 , 0.0006 ,  0.0006 ,  10 ,  10 ,  10 ,  10 ,  10 , 2012MNRAS.426.1291S
WASP-22      , 1.249 , 0.073 , 0.030 , 0.015 , 0.014 , 1.255 , 0.030 , 0.029 , 0.005 , 0.005 , 4.338 , 0.027 , 0.020 , 0.002 , 0.002 ,  0.632 ,  0.043 ,  0.041 ,  0.617 ,  0.028 ,  0.017 ,  0.005 ,  0.005 ,  1.199 ,  0.046 ,  0.027 ,  0.005 ,  0.005 , 10.63 , 0.53 , 0.71 ,   0.334 ,  0.024 ,  0.033 ,  0.001 ,  0.001 , 1502 ,  20 ,  20 ,  0.0489 ,  0.0010 ,  0.0004 ,  0.0002 ,  0.0002 , 0.0402 , 0.0013 , 0.0018 , 0.0002 ,  0.0002 , 1.3 , 0.6 , 1.7 , 0.4 , 0.2 , 2016MNRAS.457.4205S
WASP-24      , 1.168 , 0.056 , 0.056 , 0.050 , 0.050 , 1.317 , 0.036 , 0.036 , 0.019 , 0.019 , 4.267 , 0.021 , 0.021 , 0.006 , 0.006 ,  0.512 ,  0.034 ,  0.034 ,  1.109 ,  0.043 ,  0.043 ,  0.032 ,  0.032 ,  1.303 ,  0.043 ,  0.043 ,  0.019 ,  0.019 , 16.19 , 0.99 , 0.99 ,   0.469 ,  0.042 ,  0.042 ,  0.007 ,  0.007 , 1772 ,  29 ,  29 , 0.03635 , 0.00059 , 0.00059 , 0.00052 , 0.00052 , 0.0529 , 0.0021 , 0.0021 , 0.0007 ,  0.0007 , 2.5 , 9.6 , 1.5 , 1.8 , 2.5 , 2014MNRAS.444..776S
WASP-25      , 1.053 , 0.023 , 0.023 , 0.030 , 0.030 , 0.924 , 0.016 , 0.016 , 0.009 , 0.009 , 4.530 , 0.014 , 0.014 , 0.004 , 0.004 ,  1.336 ,  0.063 ,  0.063 ,  0.598 ,  0.044 ,  0.044 ,  0.012 ,  0.012 ,  1.247 ,  0.030 ,  0.030 ,  0.012 ,  0.012 ,  9.54 , 0.80 , 0.80 ,   0.288 ,  0.028 ,  0.028 ,  0.003 ,  0.003 , 1210 ,  14 ,  14 , 0.04819 , 0.00035 , 0.00035 , 0.00046 , 0.00046 , 0.0439 , 0.0033 , 0.0033 , 0.0004 ,  0.0004 , 0.1 , 5.7 , 0.1 , 0.2 , 0.0 , 2014MNRAS.444..776S
WASP-26      , 1.095 , 0.043 , 0.043 , 0.017 , 0.017 , 1.284 , 0.035 , 0.035 , 0.007 , 0.007 , 4.260 , 0.022 , 0.022 , 0.002 , 0.002 ,  0.517 ,  0.037 ,  0.037 ,  1.020 ,  0.031 ,  0.031 ,  0.011 ,  0.011 ,  1.216 ,  0.047 ,  0.047 ,  0.006 ,  0.006 ,  17.1 ,  1.3 ,  1.3 ,   0.530 ,  0.060 ,  0.060 ,  0.003 ,  0.003 , 1650 ,  24 ,  24 , 0.03966 , 0.00052 , 0.00052 , 0.00021 , 0.00021 , 0.0607 , 0.0026 , 0.0026 , 0.0003 ,  0.0003 , 4.0 , 5.7 , 4.5 , 1.4 , 4.0 , 2014MNRAS.444..776S
WASP-41      , 0.987 , 0.021 , 0.021 , 0.026 , 0.026 , 0.886 , 0.009 , 0.009 , 0.008 , 0.008 , 4.538 , 0.008 , 0.008 , 0.004 , 0.004 ,  1.420 ,  0.034 ,  0.034 ,  0.977 ,  0.020 ,  0.020 ,  0.017 ,  0.017 ,  1.178 ,  0.015 ,  0.015 ,  0.010 ,  0.010 , 17.45 , 0.46 , 0.46 ,   0.558 ,  0.020 ,  0.020 ,  0.005 ,  0.005 , 1242 ,  12 ,  12 ,  0.0410 ,  0.0003 ,  0.0003 ,  0.0004 ,  0.0004 , 0.0689 , 0.0014 , 0.0014 , 0.0006 ,  0.0006 , 1.2 , 1.1 , 0.0 , 0.3 , 0.2 , 2016MNRAS.457.4205S
WASP-42      , 0.951 , 0.037 , 0.037 , 0.051 , 0.051 , 0.892 , 0.021 , 0.021 , 0.016 , 0.016 , 4.515 , 0.022 , 0.022 , 0.008 , 0.008 ,  1.338 ,  0.092 ,  0.092 ,  0.527 ,  0.020 ,  0.020 ,  0.019 ,  0.019 ,  1.122 ,  0.033 ,  0.033 ,  0.020 ,  0.020 , 10.38 , 0.61 , 0.61 ,   0.349 ,  0.029 ,  0.029 ,  0.006 ,  0.006 , 1021 ,  19 ,  19 ,  0.0561 ,  0.0007 ,  0.0007 ,  0.0010 ,  0.0010 , 0.0554 , 0.0021 , 0.0021 , 0.0010 ,  0.0010 , 4.4 , 3.0 , 2.4 , 3.2 , 2.4 , 2016MNRAS.457.4205S
WASP-55      , 1.162 , 0.029 , 0.033 , 0.022 , 0.021 , 1.102 , 0.020 , 0.015 , 0.007 , 0.007 , 4.419 , 0.009 , 0.015 , 0.003 , 0.003 ,  0.869 ,  0.026 ,  0.041 ,  0.627 ,  0.037 ,  0.038 ,  0.008 ,  0.007 ,  1.335 ,  0.031 ,  0.020 ,  0.008 ,  0.008 ,  8.73 , 0.54 , 0.62 ,   0.247 ,  0.017 ,  0.021 ,  0.001 ,  0.002 , 1300 ,  15 ,  13 ,  0.0558 ,  0.0005 ,  0.0005 ,  0.0004 ,  0.0003 , 0.0451 , 0.0027 , 0.0028 , 0.0003 ,  0.0003 , 1.1 , 0.8 , 0.6 , 0.4 , 0.1 , 2016MNRAS.457.4205S
WASP-57      , 0.886 , 0.061 , 0.061 , 0.028 , 0.028 , 0.927 , 0.031 , 0.031 , 0.010 , 0.010 , 4.452 , 0.024 , 0.024 , 0.005 , 0.005 ,  1.113 ,  0.085 ,  0.085 ,  0.644 ,  0.060 ,  0.060 ,  0.014 ,  0.014 ,  1.050 ,  0.052 ,  0.052 ,  0.011 ,  0.011 ,  14.5 ,  1.5 ,  1.5 ,   0.521 ,  0.072 ,  0.072 ,  0.006 ,  0.006 , 1338 ,  29 ,  29 , 0.03769 , 0.00088 , 0.00088 , 0.00040 , 0.00040 , 0.0522 , 0.0045 , 0.0045 , 0.0006 ,  0.0006 ,  10 ,  10 ,  10 ,  10 ,  10 , 2015MNRAS.454.3094S
XO-1         , 1.037 , 0.039 , 0.039 , 0.031 , 0.031 , 0.942 , 0.022 , 0.022 , 0.009 , 0.009 , 4.506 , 0.021 , 0.021 , 0.004 , 0.004 ,  1.242 ,  0.080 ,  0.080 ,  0.924 ,  0.075 ,  0.075 ,  0.019 ,  0.019 ,  1.206 ,  0.039 ,  0.039 ,  0.012 ,  0.012 ,  15.8 ,  1.5 ,  1.5 ,   0.492 ,  0.059 ,  0.059 ,  0.005 ,  0.005 , 1210 ,  16 ,  16 , 0.04944 , 0.00062 , 0.00062 , 0.00050 , 0.00050 , 0.0730 , 0.0062 , 0.0062 , 0.0007 ,  0.0007 , 0.9 , 2.4 , 1.7 , 0.8 , 0.8 , 2010MNRAS.408.1689S
XO-2         , 0.924 , 0.054 , 0.122 , 0.076 , 0.124 , 0.962 , 0.026 , 0.054 , 0.027 , 0.044 , 4.436 , 0.037 , 0.035 , 0.012 , 0.020 ,  1.034 ,  0.127 ,  0.058 ,  0.593 ,  0.025 ,  0.057 ,  0.033 ,  0.054 ,  0.984 ,  0.031 ,  0.071 ,  0.027 ,  0.045 ,  15.2 ,  1.8 ,  0.8 ,   0.582 ,  0.116 ,  0.046 ,  0.028 ,  0.016 , 1328 ,  17 ,  28 , 0.03616 , 0.00065 , 0.00182 , 0.00100 , 0.00167 , 0.0472 , 0.0040 , 0.0022 , 0.0016 ,  0.0013 , 6.5 , 23. , 3.5 , 5.3 , 3.8 , 2012MNRAS.426.1291S
XO-3         , 1.206 , 0.046 , 0.046 , 0.036 , 0.036 , 1.409 , 0.054 , 0.054 , 0.014 , 0.014 , 4.222 , 0.027 , 0.027 , 0.004 , 0.004 ,  0.431 ,  0.041 ,  0.041 ,  11.83 ,   0.31 ,   0.31 ,   0.23 ,   0.23 ,  1.248 ,  0.047 ,  0.047 ,  0.012 ,  0.012 ,   188 ,   13 ,   13 ,    5.69 ,   0.63 ,   0.63 ,   0.06 ,   0.06 , 1729 ,  34 ,  34 , 0.04529 , 0.00057 , 0.00057 , 0.00045 , 0.00045 ,  0.711 ,  0.027 ,  0.027 ,  0.007 ,   0.007 , 3.0 , 0.9 , 0.6 , 0.5 , 0.4 , 2010MNRAS.408.1689S
XO-4         , 1.285 , 0.117 , 0.039 , 0.014 , 0.022 , 1.531 , 0.386 , 0.068 , 0.006 , 0.009 , 4.177 , 0.034 , 0.172 , 0.002 , 0.002 ,  0.358 ,  0.046 ,  0.160 ,  1.547 ,  0.110 ,  0.066 ,  0.011 ,  0.017 ,  1.287 ,  0.385 ,  0.063 ,  0.005 ,  0.007 ,  23.1 ,  2.5 ,  9.4 ,    0.68 ,   0.11 ,   0.37 ,   0.00 ,   0.00 , 1630 , 170 ,  40 , 0.05474 , 0.00162 , 0.00056 , 0.00020 , 0.00031 , 0.1023 , 0.0065 , 0.0240 , 0.0006 ,  0.0004 , 2.7 , 1.1 , 0.5 , 0.2 , 0.3 , 2011MNRAS.417.2166S
XO-5         , 0.914 , 0.064 , 0.064 , 0.010 , 0.010 , 1.065 , 0.064 , 0.064 , 0.004 , 0.004 , 4.344 , 0.043 , 0.043 , 0.002 , 0.002 ,   0.76 ,   0.11 ,   0.11 ,  1.084 ,  0.055 ,  0.055 ,  0.008 ,  0.008 ,  1.089 ,  0.082 ,  0.082 ,  0.004 ,  0.004 ,  22.7 ,  3.2 ,  3.2 ,    0.79 ,   0.17 ,   0.17 ,   0.00 ,   0.00 , 1203 ,  33 ,  33 ,  0.0494 ,  0.0011 ,  0.0011 ,  0.0002 ,  0.0002 , 0.1075 , 0.0082 , 0.0082 , 0.0004 ,  0.0004 , 11. , 11. , 11. , 1.2 , 1.9 , 2010MNRAS.408.1689S
